{"index":{"0":0,"1":1,"2":2,"3":3,"4":4,"5":5,"6":6},"0_throughput":{"0":[[4676269]],"1":[[4619745]],"2":[[4490593]],"3":[[4371122]],"4":[[4062281]],"5":[[3969125]],"6":[[3793937]]},"1_throughput":{"0":[[31633408]],"1":[[31600640]],"2":[[31543296]],"3":[[23070720]],"4":[[11927552]],"5":[[9525248]],"6":[[8075264]]},"LLC-load-misses":{"0":[15851848.9084253274],"1":[15939901.7800354585],"2":[16105705.558475567],"3":[16357405.2049372513],"4":[16105054.7159617245],"5":[15968337.8603253849],"6":[15936143.8683128748]},"LLC-loads":{"0":[25449831.6942221671],"1":[25198604.7507967167],"2":[24604434.5478438176],"3":[24256575.0492283814],"4":[22731446.9661122151],"5":[21882579.3598822095],"6":[21281340.0064849742]},"l2_rqsts.demand_data_rd_miss":{"0":[25369978.9958141819],"1":[25113782.8491682149],"2":[24516373.47687383],"3":[24169127.5815580413],"4":[22650181.1691809483],"5":[21799625.0239259265],"6":[21200260.1736721657]},"l2_rqsts.all_demand_data_rd":{"0":[44768167.5143303499],"1":[44700130.2649720013],"2":[42779579.7641241997],"3":[42354048.7346414924],"4":[40157079.9904284403],"5":[37960612.0223075598],"6":[36997145.2443280593]},"L1-dcache-load-misses":{"0":[82406747.2877091616],"1":[81779014.3900392056],"2":[78737872.8602533638],"3":[77859373.676251024],"4":[73763790.6856925488],"5":[70705804.0528838933],"6":[68787832.1067305654]},"L1-dcache-loads":{"0":[1238756132.9030170441],"1":[1228649610.5000963211],"2":[1191014634.6225144863],"3":[1172070363.2475881577],"4":[1112821665.41593647],"5":[1083200425.950535059],"6":[1063873525.2713251114]},"instructions":{"0":[4119219906.6260914803],"1":[4085910046.1541991234],"2":[3963291350.6674013138],"3":[3899193603.5982513428],"4":[3702318167.3482475281],"5":[3604750686.0205698013],"6":[3540558483.8670597076]},"cycles":{"0":[5529012961.9744586945],"1":[5519462864.1756801605],"2":[5475394288.3027477264],"3":[5531757812.3488845825],"4":[5480717150.3979139328],"5":[5446304224.8592596054],"6":[5457007741.9951286316]},"llc_miss_rate":{"0":[0.6228665517],"1":[0.6325708085],"2":[0.6545854784],"3":[0.674349333],"4":[0.7084922812],"5":[0.7297283194],"6":[0.7488317871]},"l1_miss_rate":{"0":[0.0665237855],"1":[0.0665600784],"2":[0.0661099121],"3":[0.0664289245],"4":[0.0662853654],"5":[0.0652749042],"6":[0.0646579039]},"l2_miss_rate":{"0":[0.5666968385],"1":[0.5618279567],"2":[0.5730858885],"3":[0.570645034],"4":[0.5640395461],"5":[0.5742695879],"6":[0.5730242167]},"ipc":{"0":[0.7450190359],"1":[0.7402731292],"2":[0.7238367033],"3":[0.7048742436],"4":[0.6755171022],"5":[0.6618709747],"6":[0.6488095035]}}