{"index":{"0":0,"1":1,"2":2,"3":3,"4":4,"5":5,"6":6},"0_throughput":{"0":[[4220495]],"1":[[4249639]],"2":[[4067443]],"3":[[3955986]],"4":[[3668099]],"5":[[3603451]],"6":[[3488343]]},"1_throughput":{"0":[[31434752]],"1":[[31477760]],"2":[[31397888]],"3":[[23072768]],"4":[[11937792]],"5":[[9531392]],"6":[[8105984]]},"LLC-load-misses":{"0":[7495823.0587818706],"1":[8843391.1124031954],"2":[9338089.9587804861],"3":[9446319.8419624567],"4":[9501660.5144557636],"5":[8876662.0061636698],"6":[9459213.828194933]},"LLC-loads":{"0":[15104954.1117285267],"1":[17702881.3780092299],"2":[17168340.0770042427],"3":[16958254.8529245667],"4":[15957841.2491456009],"5":[15910892.7011162508],"6":[15396383.2942084782]},"l2_rqsts.demand_data_rd_miss":{"0":[15039240.802840149],"1":[17622500.891114369],"2":[17084412.9805088043],"3":[16877481.4225835018],"4":[15878488.764064027],"5":[15838538.3831402119],"6":[15320558.1209026109]},"l2_rqsts.all_demand_data_rd":{"0":[30311770.3064226098],"1":[35423949.4094645604],"2":[33818228.7568885908],"3":[32991724.6264698021],"4":[31351931.8747884221],"5":[32954511.540306665],"6":[30463447.1597772539]},"L1-dcache-load-misses":{"0":[60388544.3320245296],"1":[71019050.8828611076],"2":[67878468.3126982749],"3":[66389704.6154013127],"4":[63306911.7912048772],"5":[65513160.5637182146],"6":[61523659.1965523064]},"L1-dcache-loads":{"0":[988007070.5247747898],"1":[1152607394.0526580811],"2":[1113351030.4007627964],"3":[1100513826.7913961411],"4":[1055377490.419421792],"5":[1066077854.7010955811],"6":[1035038165.9714605808]},"instructions":{"0":[3296989339.0621829033],"1":[3845801719.6118059158],"2":[3716009631.0441436768],"3":[3672342505.0802264214],"4":[3521894683.7556772232],"5":[3557504465.0776071548],"6":[3453729378.314198494]},"cycles":{"0":[4666004354.9255456924],"1":[5522505430.4392824173],"2":[5459273486.0222644806],"3":[5486444273.3220767975],"4":[5469953551.6196050644],"5":[5482157625.6221837997],"6":[5522776669.5209636688]},"llc_miss_rate":{"0":[0.4962493102],"1":[0.4995452957],"2":[0.5439133846],"3":[0.5570337233],"4":[0.5954226744],"5":[0.5578984268],"6":[0.6143789517]},"l1_miss_rate":{"0":[0.061121571],"1":[0.0616159945],"2":[0.060967715],"3":[0.0603260977],"4":[0.0599850881],"5":[0.0614525105],"6":[0.0594409571]},"l2_miss_rate":{"0":[0.4961518463],"1":[0.4974741999],"2":[0.5051835536],"3":[0.5115671161],"4":[0.5064596602],"5":[0.4806182111],"6":[0.5029161027]},"ipc":{"0":[0.7065979987],"1":[0.6963871323],"2":[0.6806784164],"3":[0.6693483652],"4":[0.6438618995],"5":[0.6489241478],"6":[0.625361043]}}