{"index":{"0":0,"1":1,"2":2,"3":3,"4":4,"5":5,"6":6,"7":7,"8":8,"9":9,"10":10,"11":11,"12":12,"13":13,"14":14,"15":15,"16":16,"17":17,"18":18,"19":19,"20":20,"21":21,"22":22,"23":23,"24":24,"25":25,"26":26,"27":27,"28":28,"29":29},"0_throughput":{"0":[[5179261,5228172]],"1":[[1593651,5127720]],"2":[[3206990,5021794]],"3":[[4930027,5057012]],"4":[[6709017,5005430]],"5":[[7320811,5012450]],"6":[[7221186,4909171]],"7":[[7167391,4934942]],"8":[[7137657,4959076]],"9":[[7129252,4920819]],"10":[[7116208,4946284]],"11":[[7103333,4943800]],"12":[[7059236,4900720]],"13":[[7083093,4817722]],"14":[[7091648,4838640]],"15":[[7065256,4801472]],"16":[[7053429,4816256]],"17":[[7092081,4806495]],"18":[[7086445,4801023]],"19":[[7095833,4802393]],"20":[[7067872,4811896]],"21":[[7101288,4830868]],"22":[[7155797,4816327]],"23":[[7220791,4867000]],"24":[[7274424,4847380]],"25":[[7288934,4860608]],"26":[[7456712,4911944]],"27":[[7511012,4450071]],"28":[[7476846,2960089]],"29":[[7625676,1466852]]},"1_throughput":{"0":[[23306240,23242752]],"1":[[26255360,26148864]],"2":[[26046464,26015744]],"3":[[25909248,25860096]],"4":[[25749504,25690112]],"5":[[25552896,25503744]],"6":[[25434112,25387008]],"7":[[25280512,25200640]],"8":[[25044992,25065472]],"9":[[24967168,24932352]],"10":[[24750080,24678400]],"11":[[24623104,24602624]],"12":[[24487936,24453120]],"13":[[24377344,24324096]],"14":[[24137728,24166400]],"15":[[24066048,23982080]],"16":[[23922688,23814144]],"17":[[23697408,23668736]],"18":[[23625728,23588864]],"19":[[23435264,23375872]],"20":[[23298048,23252992]],"21":[[23181312,23117824]],"22":[[23056384,23048192]],"23":[[22849536,22896640]],"24":[[22757376,22726656]],"25":[[22587392,22603776]],"26":[[22521856,22491136]],"27":[[22269952,22308864]],"28":[[22243328,22173696]],"29":[[22040576,22054912]]},"LLC-load-misses":{"0":[13013488.9634268451],"1":[10992321.3993890118],"2":[11665225.8462714534],"3":[11701091.7178475782],"4":[11033322.3739241865],"5":[11965740.3860325981],"6":[12288845.8431299254],"7":[12497973.7152348701],"8":[12742961.6788381319],"9":[12692408.7300131433],"10":[12870871.9634817168],"11":[12791028.5895445235],"12":[13069545.8090573028],"13":[13267001.4126301501],"14":[13215345.2604871169],"15":[13565803.232701825],"16":[13319421.6981142797],"17":[13599135.6930338126],"18":[13567659.523775205],"19":[13573166.1333245132],"20":[13569514.3880675659],"21":[13644624.5353051852],"22":[13627155.1670313813],"23":[13002514.5051412582],"24":[12409171.0930783954],"25":[12231794.99794323],"26":[11896211.1665143035],"27":[9784711.6548084151],"28":[7482481.3890240677],"29":[3762513.6863033026]},"LLC-loads":{"0":[40472895.5233470798],"1":[25931183.4574708939],"2":[31454309.2102412805],"3":[37310897.2632022798],"4":[43299050.991183266],"5":[44918538.822786741],"6":[44259476.7915216982],"7":[44409336.2667620927],"8":[44477669.3509328216],"9":[44573982.0201269537],"10":[44492687.6190805957],"11":[44651559.88475696],"12":[44170076.8162647933],"13":[44380836.0422446728],"14":[43825183.0671371073],"15":[44244759.1595421955],"16":[43802261.9880137891],"17":[44446628.0171631724],"18":[44377149.5063812882],"19":[44880996.9326639101],"20":[44688732.7944870144],"21":[44764195.5550992861],"22":[44948286.0647716075],"23":[44563466.4143911451],"24":[45124129.2247685939],"25":[45327599.5703661591],"26":[45449307.7667095885],"27":[43148145.0528074801],"28":[36581016.9656019956],"29":[32935699.2197175771]},"l2_rqsts.demand_data_rd_miss":{"0":[40381630.0888562948],"1":[25866512.6811401099],"2":[31386357.1613831334],"3":[37241513.8841356561],"4":[43232455.5639578477],"5":[44846269.3875546679],"6":[44183082.3398675397],"7":[44333051.1719761416],"8":[44401593.0768551901],"9":[44497799.4650923535],"10":[44412459.225715749],"11":[44574323.3859047145],"12":[44091610.4197286516],"13":[44298243.1856180653],"14":[43742916.6512876227],"15":[44159131.0341167152],"16":[43719201.8173372671],"17":[44359184.9288276359],"18":[44291982.5598513708],"19":[44796004.836640574],"20":[44604649.1345922872],"21":[44680173.8586499766],"22":[44862382.9632509351],"23":[44483316.8706236556],"24":[45050219.5478458777],"25":[45254524.2279734015],"26":[45376389.2590587437],"27":[43078391.2823773995],"28":[36513090.7588715479],"29":[32878031.2258182019]},"l2_rqsts.all_demand_data_rd":{"0":[79479108.535943687],"1":[52409013.9122463986],"2":[63666580.3208054677],"3":[75317480.6806671619],"4":[89403285.5467648059],"5":[91982284.8789038211],"6":[90474191.6176770329],"7":[90633714.2849306166],"8":[89542767.5282496512],"9":[90798844.7904362828],"10":[89500091.6853788942],"11":[89890589.0388795733],"12":[89380888.4256978929],"13":[89943527.223112464],"14":[88110489.5429176986],"15":[87994851.1255410463],"16":[87105135.7139705867],"17":[89188113.146762982],"18":[88211244.7637996525],"19":[90078289.9642314315],"20":[89636021.9704476148],"21":[88973567.7300090194],"22":[90457845.5568224788],"23":[90770804.159411788],"24":[93137261.352999419],"25":[93355427.7396203429],"26":[93430447.8903685063],"27":[89344893.0740933716],"28":[76053503.0824460089],"29":[70650333.8329728097]},"L1-dcache-load-misses":{"0":[145069185.1210818291],"1":[100707221.9177368134],"2":[120124857.7067025602],"3":[141089172.4512136877],"4":[165285270.0707562268],"5":[169126798.7308690548],"6":[165526165.7130712271],"7":[165967351.5906439722],"8":[164601477.2415919006],"9":[166115302.0179623663],"10":[164518546.6913951933],"11":[165296074.2354128659],"12":[163192084.2743952274],"13":[163796032.8397802413],"14":[160743111.7176664174],"15":[160978982.749276042],"16":[159448765.6557705402],"17":[162925187.5788878798],"18":[161213259.2799142897],"19":[164064470.4317595363],"20":[163497981.2606290281],"21":[162794609.2073777318],"22":[164529179.6489550471],"23":[165791473.1245588958],"24":[169292128.2264466882],"25":[170092568.7146795094],"26":[172042099.6303418875],"27":[164896112.495184809],"28":[140658591.4327991903],"29":[133439407.0733610243]},"L1-dcache-loads":{"0":[1869212609.3294026852],"1":[3499808136.6654438972],"2":[3102369544.0561766624],"3":[2724513785.8203172684],"4":[2326289278.4956479073],"5":[2090039958.5820276737],"6":[2054967262.2053489685],"7":[2058445598.1027774811],"8":[2058104867.4948728085],"9":[2062813826.763160944],"10":[2058217696.0546975136],"11":[2065201441.8261656761],"12":[2043145063.4214041233],"13":[2039065187.3524060249],"14":[2014978776.7811381817],"15":[2033766566.0989377499],"16":[2014711562.5062665939],"17":[2041845955.1551315784],"18":[2036345226.8391695023],"19":[2061085844.9620547295],"20":[2050763883.6280591488],"21":[2053061514.9896306992],"22":[2059675554.7237997055],"23":[2056182016.1443603039],"24":[2090986233.2229762077],"25":[2106239559.125054121],"26":[2103472794.449794054],"27":[2391301444.3828215599],"28":[2817548007.3025050163],"29":[3680007303.3574085236]},"instructions":{"0":[6257605465.014834404],"1":[11772101218.6397762299],"2":[10424559244.9684391022],"3":[9141647069.3309860229],"4":[7788032631.2545881271],"5":[6989596408.2427473068],"6":[6872638757.6521453857],"7":[6884769493.2244510651],"8":[6883705769.5738735199],"9":[6899931492.8016586304],"10":[6884258785.617275238],"11":[6907662289.3814592361],"12":[6834245257.7400159836],"13":[6821074995.1938896179],"14":[6740757171.6294412613],"15":[6804295080.1795578003],"16":[6740009336.25299263],"17":[6831104014.0024061203],"18":[6812370858.2222909927],"19":[6894905898.7864074707],"20":[6860641117.7462053299],"21":[6868309739.6217031479],"22":[6890572443.2909297943],"23":[6878254271.462179184],"24":[6993733875.5976324081],"25":[7044318403.4418783188],"26":[7035162146.2436056137],"27":[8008090661.5957536697],"28":[9457103024.6145343781],"29":[12372001574.297498703]},"cycles":{"0":[8279759388.697602272],"1":[8230236988.3049726486],"2":[8279226617.2455615997],"3":[8322988787.7621212006],"4":[8296604622.1226167679],"5":[8258087471.5495185852],"6":[8174797268.8156681061],"7":[8210341806.2659139633],"8":[8239117910.9802999496],"9":[8270690658.5384159088],