{"index":{"0":0,"1":1,"2":2,"3":3,"4":4,"5":5,"6":6},"0_throughput":{"0":[[5741615]],"1":[[5711987]],"2":[[5663995]],"3":[[5551169]],"4":[[5331248]],"5":[[5190651]],"6":[[5057903]]},"1_throughput":{"0":[[31508480]],"1":[[31428608]],"2":[[31363072]],"3":[[23076864]],"4":[[11927552]],"5":[[9527296]],"6":[[8103936]]},"LLC-load-misses":{"0":[10509861.5261815041],"1":[10532131.2340334225],"2":[10647740.7293004766],"3":[10671171.0197335221],"4":[10123052.724984156],"5":[10002906.2700013965],"6":[9925013.934936963]},"LLC-loads":{"0":[14253512.0517851785],"1":[14207367.2876416091],"2":[14195625.8725633658],"3":[14094148.7953685597],"4":[13336451.8393398505],"5":[13230658.0451310147],"6":[13081799.1115274057]},"l2_rqsts.demand_data_rd_miss":{"0":[14177697.2759020142],"1":[14128769.311974341],"2":[14120400.9067969155],"3":[14021005.7354282141],"4":[13267026.1371720228],"5":[13164815.7835599501],"6":[13015525.6716606505]},"l2_rqsts.all_demand_data_rd":{"0":[37843849.2547790483],"1":[36206322.7596670762],"2":[36666428.3521754742],"3":[37356672.3774571791],"4":[35157850.8720903918],"5":[34279956.2904771641],"6":[32992434.5275009461]},"L1-dcache-load-misses":{"0":[94204810.71995911],"1":[92132857.9067579508],"2":[91979387.9694803506],"3":[92169554.1112612039],"4":[87113321.7495627552],"5":[85857050.1744487584],"6":[83808095.9816741645]},"L1-dcache-loads":{"0":[1418185744.4573378563],"1":[1405437637.6650350094],"2":[1391601882.7931334972],"3":[1373380720.5630459785],"4":[1298296511.5348505974],"5":[1306923738.4303774834],"6":[1297480756.3657195568]},"instructions":{"0":[4586440950.0004692078],"1":[4544547065.4568309784],"2":[4499908535.2754459381],"3":[4440890674.2330131531],"4":[4198121367.451859951],"5":[4228057877.8430132866],"6":[4198357318.9161076546]},"cycles":{"0":[5529345150.3132076263],"1":[5517205503.0304117203],"2":[5531959153.654091835],"3":[5564745828.4936723709],"4":[5455450720.0738706589],"5":[5497472989.095618248],"6":[5576327571.4946804047]},"llc_miss_rate":{"0":[0.7373524145],"1":[0.7413147715],"2":[0.7500719464],"3":[0.7571348348],"4":[0.7590514214],"5":[0.7560399669],"6":[0.7586887591]},"l1_miss_rate":{"0":[0.0664262852],"1":[0.0655545685],"2":[0.0660960502],"3":[0.0671114373],"4":[0.0670981713],"5":[0.0656940016],"6":[0.0645929395]},"l2_miss_rate":{"0":[0.3746367654],"1":[0.3902293366],"2":[0.3851043459],"3":[0.3753280162],"4":[0.3773560046],"5":[0.3840382897],"6":[0.3945003107]},"ipc":{"0":[0.8294727179],"1":[0.8237045118],"2":[0.8134384963],"3":[0.7980401641],"4":[0.7695278691],"5":[0.7690911599],"6":[0.7528892923]}}