{"index":{"0":0,"1":1,"2":2,"3":3,"4":4,"5":5,"6":6,"7":7,"8":8,"9":9,"10":10,"11":11,"12":12,"13":13,"14":14,"15":15,"16":16,"17":17,"18":18,"19":19,"20":20,"21":21,"22":22,"23":23,"24":24,"25":25,"26":26,"27":27,"28":28,"29":29,"30":30,"31":31,"32":32,"33":33,"34":34,"35":35,"36":36,"37":37,"38":38,"39":39,"40":40,"41":41},"0_throughput":{"0":[[6443413]],"1":[[5814210]],"2":[[5420190]],"3":[[5161037]],"4":[[4982278]],"5":[[4661065]],"6":[[6452654]],"7":[[5779029]],"8":[[5394946]],"9":[[5121269]],"10":[[4932321]],"11":[[4619902]],"12":[[6321303]],"13":[[5689548]],"14":[[5366022]],"15":[[5128754]],"16":[[4900197]],"17":[[4609605]],"18":[[6213782]],"19":[[5622190]],"20":[[5229172]],"21":[[5006057]],"22":[[4807464]],"23":[[4538462]],"24":[[6044904]],"25":[[5455589]],"26":[[5074791]],"27":[[4856559]],"28":[[4700702]],"29":[[4410638]],"30":[[5851390]],"31":[[5435135]],"32":[[5039088]],"33":[[4807778]],"34":[[4656374]],"35":[[4384198]],"36":[[5614477]],"37":[[5269606]],"38":[[4867933]],"39":[[4765780]],"40":[[4535174]],"41":[[4344432]]},"1_throughput":{"0":[[31594496]],"1":[[31606784]],"2":[[31590400]],"3":[[31610880]],"4":[[31608832]],"5":[[31571968]],"6":[[31531008]],"7":[[31598592]],"8":[[31612928]],"9":[[31580160]],"10":[[31582208]],"11":[[31574016]],"12":[[31563776]],"13":[[31488000]],"14":[[31471616]],"15":[[31483904]],"16":[[31508480]],"17":[[31500288]],"18":[[23064576]],"19":[[23078912]],"20":[[23062528]],"21":[[23066624]],"22":[[23056384]],"23":[[23068672]],"24":[[11929600]],"25":[[11927552]],"26":[[11925504]],"27":[[11929600]],"28":[[11927552]],"29":[[11925504]],"30":[[9523200]],"31":[[9523200]],"32":[[9523200]],"33":[[9523200]],"34":[[9523200]],"35":[[9523200]],"36":[[8073216]],"37":[[8071168]],"38":[[8075264]],"39":[[8071168]],"40":[[8073216]],"41":[[8071168]]},"LLC-load-misses":{"0":[9880784.2581985611],"1":[8933031.2775328439],"2":[8276744.5282990672],"3":[7815177.7963904412],"4":[7557199.8091580132],"5":[7292716.7092996044],"6":[9839667.1714574862],"7":[8796628.7468055319],"8":[8487654.6089094114],"9":[7954263.0180876944],"10":[7800208.1874010712],"11":[7272966.0795081621],"12":[10209273.2240311541],"13":[9285825.2852168996],"14":[8661791.8958770279],"15":[8091293.8148571039],"16":[7999402.3778954092],"17":[7398132.0090436423],"18":[10053014.8641371131],"19":[9155929.5438115578],"20":[7995604.5150432223],"21":[8256509.2099261116],"22":[8091363.9707389083],"23":[7695160.8633793965],"24":[9450725.7463186681],"25":[8762853.7448253967],"26":[8688999.1696084365],"27":[8159830.0140056843],"28":[8038569.1207580129],"29":[7693808.3119464908],"30":[9335905.7024533786],"31":[8260139.0337282978],"32":[7719174.8844325384],"33":[7787168.2258671578],"34":[7622761.2646896224],"35":[7197141.6474935589],"36":[9892864.5098409094],"37":[8596632.4291434679],"38":[7957065.7775130467],"39":[7422191.312470885],"40":[7793360.5823528916],"41":[7138642.8769536028]},"LLC-loads":{"0":[15867259.638480708],"1":[14533525.0510434397],"2":[13383900.7521138005],"3":[12860230.1779477224],"4":[12601576.4610599559],"5":[11991732.9477659632],"6":[15826550.1808116939],"7":[14070236.1599890366],"8":[13559136.1582407206],"9":[12860392.8258494977],"10":[12595006.6049881764],"11":[11917512.1921034381],"12":[15806518.2101856284],"13":[14414402.3077001423],"14":[13338267.9518063813],"15":[12777840.9173920508],"16":[12562251.0775925126],"17":[11790202.4371550586],"18":[15431319.8051032629],"19":[14135533.2682451382],"20":[12335818.865546653],"21":[12752125.5570711438],"22":[12386292.3929196447],"23":[11868540.648195887],"24":[15028140.1024250947],"25":[13634367.3489788584],"26":[12594498.5357887764],"27":[12541894.7379891872],"28":[12234338.6601915825],"29":[11682033.5926611125],"30":[14711300.7819128912],"31":[13405094.7246671394],"32":[12639360.677720597],"33":[12192369.1098189186],"34":[11941593.878933223],"35":[11372618.8789184969],"36":[14786314.7950226068],"37":[13416159.0724434052],"38":[12481841.6558151022],"39":[12061755.5843107216],"40":[11780282.3408623729],"41":[11204927.6730582658]},"l2_rqsts.demand_data_rd_miss":{"0":[15781826.0432486683],"1":[14449419.6803024691],"2":[13302578.5300425105],"3":[12779625.2980379164],"4":[12523808.4555504303],"5":[11912115.0646557361],"6":[15741526.4416581336],"7":[13984610.8683341369],"8":[13475009.8098744433],"9":[12775489.1231754962],"10":[12514737.9163801484],"11":[11838211.5238095913],"12":[15718250.0635800157],"13":[14328678.5681739114],"14":[13257501.2975979839],"15":[12694302.9472025912],"16":[12480446.861148769],"17":[11710781.2643742915],"18":[15345304.2018382289],"19":[14051792.7822157238],"20":[12256918.8176989611],"21":[12665389.0382152591],"22":[12302155.4191348962],"23":[11784436.0432505012],"24":[14949338.5615689754],"25":[13554407.864019651],"26":[12523569.6757674292],"27":[12463002.3354648612],"28":[12155016.8997155931],"29":[11601314.740435034],"30":[14632973.8843682464],"31":[13329768.3330816329],"32":[12563987.4713684898],"33":[12113498.5124565568],"34":[11862732.7438764442],"35":[11295754.2194013409],"36":[14696478.6226089373],"37":[13333474.8204258867],"38":[12404304.1528789438],"39":[11989365.3875570893],"40":[11700251.7000748105],"41":[11127436.8885760717]},"l2_rqsts.all_demand_data_rd":{"0":[40086897.4645566344],"1":[36597205.5724254102],"2":[34233113.5155668855],"3":[33157605.6723834574],"4":[33158822.1814344861],"5":[30855877.4601865336],"6":[40544780.7901532874],"7":[35837988.3408260122],"8":[34535674.8004010841],"9":[33188931.1898178011],"10":[34022514.1251848862],"11":[32515834.0827168338],"12":[39843608.3799074218],"13":[36416553.123529084],"14":[34120703.7345987931],"15":[33250024.5634274743],"16":[32437822.8620474041],"17":[30499231.5149928071],"18":[38531092.395296596],"19":[36174333.5224454552],"20":[31559363.2804029584],"21":[32597769.9135825522],"22":[31280978.0998807587],"23":[30135080.0602968261],"24":[38475469.3593455851],"25":[34838128.2985614315],"26":[33535856.118526753],"27":[31788216.8599614799],"28":[31153706.7545729876],"29":[29606298.6396804973],"30":[37277196.0189646855],"31":[34964313.7463556975],"32":[33617330.4293822125],"33":[31781013.6892329864],"34":[31033343.691478841],"35":[30327758.7267288938],"36":[36237693.7351602539],"37":[34130897.5998653993],"38":[32480638.4450717121],"39":[31718175.6145852692],"40":[29815033.0742806755],"41":[28987909.313619934]},"L1-dcache-load-misses":{"0":[92603897.5094818324],"1":[85153733.0051160902],"2":[80450224.6018616259],"3":[78196020.3892744929],"4":[77718923.6512836963],"5":[73189322.9774353951],"6":[92829598.1585775912],"7":[83499477.3023191839],"8":[81257261.6683086604],"9":[78306260.4053131342],"10":[77766521.8112828583],"11":[74534172.4392054826],"12":[91527939.5096360594],"13":[84345618.6552168131],"14":[80545813.30097197],"15":[77957400.9157433659],"16":[75704783.9459810406],"17":[72253469.6840967387],"18":[88857156.1137644947],"19":[83180905.8633132726],"20":[73958540.7686894983],"21":[76526858.630532369],"22":[73639261.0332228094],"23":[71369425.1866565496],"24":[88248251.8124829084],"25":[80648319.7617433369],"26":[78621456.0343009531],"27":[74639337.9577421248],"28":[72997018.2182457],"29":[69688982.601365909],"30":[86068540.8025363088],"31":[80706290.481388703],"32":[78340781.3609776795],"33":[74394119.1231412143],"34":[72580994.4859896451],"35":[70503250.9227645993],"36":[82865044.3772851974],"37":[79126517.9923022389],"38":[76146192.6928584278],"39":[74708979.2579468042],"40":[70095752.1097569764],"41":[68669618.7548121363]},"L1-dcache-loads":{"0":[1477288803.7843616009],"1":[1486369402.7842001915],"2":[1484924963.1691129208],"3":[1533456798.8946809769],"4":[1594037968.9410054684],"5":[1589310267.8649570942],"6":[1471457694.5396521091],"7":[1448885644.3475396633],"8":[1502718903.8787622452],"9":[1530405923.5859453678],"10":[1569136971.5852739811],"11":[1584027123.3267128468],"12":[1450783351.844424963],"13":[1460909060.6950275898],"14":[1472805039.1032233238],"15":[1503926764.4795749187],"16":[1546649665.0067672729],