{"index":{"0":0,"1":1,"2":2,"3":3,"4":4,"5":5,"6":6,"7":7},"0_throughput":{"0":[[5403371]],"1":[[4866206,4631972]],"2":[[3957733,4026940,3857432]],"3":[[3286723,3255995,3345220,3272260]],"4":[[2858446,2807679,2838996,2823145,2829001]],"5":[[2432992,2387848,2409735,2402988,2418508,2363320]],"6":[[2179425,2164746,2174248,2167578,2198995,2113376,2202344]],"7":[[1683820,1666417,1678161,1671176,1676135,1659343,1681888,1666853]]},"1_throughput":{"0":[[15568896]],"1":[[7872512,7872512]],"2":[[5246976,5249024,5246976]],"3":[[3936256,3934208,3936256,3936256]],"4":[[3149824,3149824,3149824,3149824,3149824]],"5":[[2623488,2625536,2623488,2623488,2623488,2625536]],"6":[[2250752,2248704,2250752,2250752,2250752,2248704,2248704]],"7":[[1966579,1968647,1968609,1968668,1968644,1968580,1968687,1968608]]},"LLC-load-misses":{"0":[105283.3776316098],"1":[140436.2459056794],"2":[376159.3788482849],"3":[189763.9837570565],"4":[281018.8430914699],"5":[331992.0858981869],"6":[455995.0908541198],"7":[9449486.2203417365]},"LLC-loads":{"0":[2430577.3892327556],"1":[2525971.9953410788],"2":[2192711.5069530434],"3":[2464423.3321187166],"4":[2484984.5886894232],"5":[2474097.8104077117],"6":[2451128.7136274907],"7":[16702222.7145334277]},"l2_rqsts.demand_data_rd_miss":{"0":[2376220.1649829177],"1":[2466454.0877395319],"2":[2132386.3854310582],"3":[2404528.2965767728],"4":[2420198.0314916084],"5":[2405647.9118094146],"6":[2380586.1986440816],"7":[16581428.2305492479]},"l2_rqsts.all_demand_data_rd":{"0":[100054469.5399974436],"1":[188057202.5868391991],"2":[278360895.0880579948],"3":[365587478.4385811687],"4":[457617968.7873957753],"5":[542137473.4696650505],"6":[613978874.8702478409],"7":[690004511.2201490402]},"L1-dcache-load-misses":{"0":[224832394.9532976449],"1":[377398070.6788113117],"2":[532729297.727234602],"3":[682445804.3006728888],"4":[841050720.4498184919],"5":[985320087.0744855404],"6":[1108419634.4042475224],"7":[1237186858.6039659977]},"L1-dcache-loads":{"0":[3037710596.3012194633],"1":[5029424888.9593076706],"2":[6964355326.3037881851],"3":[8939740941.4643325806],"4":[10967777007.0944633484],"5":[12822992951.0457420349],"6":[14401047153.3464622498],"7":[15853129242.5741672516]},"instructions":{"0":[12951716995.2489776611],"1":[22539802879.9381256104],"2":[31912196807.0207748413],"3":[41378082975.3176498413],"4":[51141992543.3982009888],"5":[60099012120.5449066162],"6":[67699759274.514213562],"7":[74227879106.9339599609]},"cycles":{"0":[8000278997.4635276794],"1":[12048514701.9793872833],"2":[16028773789.6789493561],"3":[20009660893.4617576599],"4":[24167100180.7138061523],"5":[27929787818.0343132019],"6":[32170413807.6115226746],"7":[35796796771.2029342651]},"llc_miss_rate":{"0":[0.0433162005],"1":[0.0555969133],"2":[0.1715498722],"3":[0.0770013744],"4":[0.1130867549],"5":[0.1341871306],"6":[0.1860347391],"7":[0.5657621972]},"l1_miss_rate":{"0":[0.0740137639],"1":[0.0750380171],"2":[0.0764936987],"3":[0.0763384318],"4":[0.0766837911],"5":[0.0768401021],"6":[0.0769679887],"7":[0.0780405458]},"l2_miss_rate":{"0":[0.0237492655],"1":[0.013115446],"2":[0.0076605099],"3":[0.0065771626],"4":[0.0052886866],"5":[0.0044373393],"6":[0.0038773096],"7":[0.0240308983]},"ipc":{"0":[1.6189081655],"1":[1.870753652],"2":[1.9909318845],"3":[2.0679052581],"4":[2.1161824199],"5":[2.1517890688],"6":[2.1044105829],"7":[2.0735899802]}}