{"index":{"0":0,"1":1,"2":2,"3":3,"4":4,"5":5,"6":6,"7":7},"0_throughput":{"0":[[6756819]],"1":[[6133049,6104540]],"2":[[4997167,4924423,4888217]],"3":[[3916864,3916480,3916480,3916032]],"4":[[3134723,3134336,3134592,3134464,3139904]],"5":[[2619636,2619849,2620106,2619914,2619895,2619710]],"6":[[2235671,2235190,2234912,2242641,2242687,2242739,2242677]],"7":[[1953560,1953674,1953535,1953600,1953687,1958477,1958612,1958442]]},"1_throughput":{"0":[[15570944]],"1":[[7870464,7868416]],"2":[[5246976,5244928,5246976]],"3":[[3936256,3934208,3934208,3934208]],"4":[[3149824,3147776,3149824,3149824,3149824]],"5":[[2625536,2623488,2625536,2625536,2625536,2625536]],"6":[[2250752,2250752,2250752,2248704,2248704,2248704,2248704]],"7":[[1970691,1970727,1970673,1972769,1970704,1970691,1970667,1970619]]},"LLC-load-misses":{"0":[66360.1989580583],"1":[107487.3880139317],"2":[171901.8096657259],"3":[158346.7322444172],"4":[283629.9887770598],"5":[314809.7376952884],"6":[362617.4753686667],"7":[9573264.2294782437]},"LLC-loads":{"0":[2477483.8554168819],"1":[2458898.4808173566],"2":[2524923.8370890506],"3":[2446175.57226452],"4":[2483061.8641211251],"5":[2515567.6225054851],"6":[2512251.3074104656],"7":[16786422.6291761957]},"l2_rqsts.demand_data_rd_miss":{"0":[2426122.8658395107],"1":[2403510.9277593726],"2":[2464037.0567169348],"3":[2387177.531645128],"4":[2417639.1492257593],"5":[2447280.7473979192],"6":[2441990.5127868224],"7":[16659532.5743256602]},"l2_rqsts.all_demand_data_rd":{"0":[99051512.7368378043],"1":[191805708.4467641413],"2":[278544852.5131384134],"3":[368295093.0704981685],"4":[457867969.5815097094],"5":[547896875.8056473732],"6":[632320406.9574306011],"7":[692435895.7794991732]},"L1-dcache-load-misses":{"0":[224230987.5270552337],"1":[381927055.5291526914],"2":[532641320.7543078661],"3":[686439630.6558941603],"4":[840883381.7264896631],"5":[995611617.6143004894],"6":[1139769127.792504549],"7":[1241515552.749434948]},"L1-dcache-loads":{"0":[3062136338.7414021492],"1":[5034126543.5650749207],"2":[7011697925.5980434418],"3":[8965525406.6807842255],"4":[10976493139.0295562744],"5":[12960593237.3730621338],"6":[14815463358.9702167511],"7":[15905445499.7689723969]},"instructions":{"0":[13059364000.7772312164],"1":[22558072927.6965293884],"2":[32082243470.6653213501],"3":[41497172566.6969985962],"4":[51188052767.1168670654],"5":[60738956448.3999557495],"6":[69675093251.4836730957],"7":[74476774273.4272460938]},"cycles":{"0":[8049602301.8023691177],"1":[12075191364.5389690399],"2":[16086993592.600233078],"3":[20037485861.2900543213],"4":[24171633462.439781189],"5":[28240729763.8002281189],"6":[32273499012.7012710571],"7":[35950108509.6108856201]},"llc_miss_rate":{"0":[0.0267853204],"1":[0.0437136339],"2":[0.0680819782],"3":[0.0647323659],"4":[0.1142259051],"5":[0.1251446134],"6":[0.1443396504],"7":[0.5702980582]},"l1_miss_rate":{"0":[0.0732269771],"1":[0.0758675914],"2":[0.0759646702],"3":[0.0765643506],"4":[0.0766076534],"5":[0.0768183678],"6":[0.0769310483],"7":[0.0780560062]},"l2_miss_rate":{"0":[0.0244935468],"1":[0.0125309666],"2":[0.0088461052],"3":[0.0064816979],"4":[0.0052802103],"5":[0.0044666813],"6":[0.0038619511],"7":[0.0240593139]},"ipc":{"0":[1.6223613927],"1":[1.8681337833],"2":[1.9942970255],"3":[2.0709770105],"4":[2.1176910881],"5":[2.1507573266],"6":[2.1588949256],"7":[2.071670361]}}