{"index":{"0":0,"1":1,"2":2,"3":3,"4":4,"5":5,"6":6,"7":7,"8":8,"9":9,"10":10,"11":11,"12":12,"13":13,"14":14,"15":15,"16":16,"17":17,"18":18,"19":19,"20":20,"21":21,"22":22,"23":23,"24":24,"25":25,"26":26,"27":27,"28":28,"29":29,"30":30,"31":31,"32":32,"33":33,"34":34,"35":35,"36":36,"37":37,"38":38,"39":39,"40":40,"41":41},"0_throughput":{"0":[[4748477]],"1":[[2495090]],"2":[[1683370]],"3":[[1246805]],"4":[[1000378]],"5":[[828017]],"6":[[4732466]],"7":[[2473522]],"8":[[1675986]],"9":[[1248953]],"10":[[991105]],"11":[[824154]],"12":[[4521706]],"13":[[2439590]],"14":[[1650590]],"15":[[1228081]],"16":[[995722]],"17":[[822114]],"18":[[4388350]],"19":[[2347870]],"20":[[1621067]],"21":[[1213335]],"22":[[976965]],"23":[[811350]],"24":[[3976666]],"25":[[2245283]],"26":[[1558137]],"27":[[1182926]],"28":[[953800]],"29":[[803602]],"30":[[3973030]],"31":[[2194125]],"32":[[1566800]],"33":[[1171430]],"34":[[956410]],"35":[[794320]],"36":[[3927412]],"37":[[2145182]],"38":[[1553387]],"39":[[1166807]],"40":[[948624]],"41":[[789530]]},"1_throughput":{"0":[[31569920]],"1":[[31574016]],"2":[[31576064]],"3":[[31612928]],"4":[[31571968]],"5":[[31588352]],"6":[[31528960]],"7":[[31610880]],"8":[[31565824]],"9":[[31606784]],"10":[[31608832]],"11":[[31571968]],"12":[[31514624]],"13":[[31504384]],"14":[[31479808]],"15":[[31504384]],"16":[[31477760]],"17":[[31502336]],"18":[[23070720]],"19":[[23066624]],"20":[[23074816]],"21":[[23062528]],"22":[[23074816]],"23":[[23083008]],"24":[[11931648]],"25":[[11927552]],"26":[[11923456]],"27":[[11933696]],"28":[[11925504]],"29":[[11927552]],"30":[[9523200]],"31":[[9521152]],"32":[[9525248]],"33":[[9521152]],"34":[[9523200]],"35":[[9523200]],"36":[[8077312]],"37":[[8073216]],"38":[[8071168]],"39":[[8073216]],"40":[[8073216]],"41":[[8077312]]},"LLC-load-misses":{"0":[8144742.6954723755],"1":[9752741.6351586971],"2":[10603000.7700001821],"3":[10983431.8082076032],"4":[11463375.7104104441],"5":[11537348.3146080244],"6":[8323481.8288340317],"7":[9771046.2839745246],"8":[10666683.1463090777],"9":[11128899.3037490249],"10":[11350761.1539424956],"11":[11589417.3007149976],"12":[8706668.9295102973],"13":[10308875.7393465769],"14":[10944584.7905585039],"15":[11186813.9902737252],"16":[11513701.9489390068],"17":[11581075.0619016569],"18":[8416291.9379028548],"19":[10344766.6432732902],"20":[10939270.4175449293],"21":[11334162.232915327],"22":[11632041.7093273904],"23":[11825200.1128245741],"24":[8887135.2187872976],"25":[10521807.6132767033],"26":[11185753.9531762004],"27":[11536654.8908391763],"28":[11681031.528360866],"29":[11891968.5866926163],"30":[9018993.155721534],"31":[10599847.6539898366],"32":[10958567.164087262],"33":[11592138.1417162716],"34":[11547832.2037861608],"35":[11983574.2487061545],"36":[8280440.3958110232],"37":[10277054.8263530806],"38":[10703512.1152824331],"39":[11547565.8530493956],"40":[11840009.3617753275],"41":[11984386.9683433585]},"LLC-loads":{"0":[19763880.8646433391],"1":[17198667.4026774019],"2":[16531096.5518324953],"3":[15359395.98432892],"4":[15452322.4829294421],"5":[15217916.0227056742],"6":[19640306.4839264676],"7":[17076486.8457147107],"8":[16501557.2391824201],"9":[15759915.1451675724],"10":[15442257.8912706655],"11":[15221712.7611664236],"12":[19112383.9929448105],"13":[16797533.7091610879],"14":[16531954.0783014949],"15":[15440384.4356152955],"16":[15402187.0564440303],"17":[15108049.3302671388],"18":[18152060.4764519073],"19":[16774161.033720566],"20":[16217703.1485836133],"21":[15542674.0320669413],"22":[15333310.1178685874],"23":[14988811.4103459567],"24":[17122405.8146301769],"25":[16016041.5725117475],"26":[15592804.4967068657],"27":[15128543.1000250112],"28":[14855946.5174809992],"29":[14565765.8700774834],"30":[16996080.2352079935],"31":[15958528.0161876995],"32":[15475281.7681939062],"33":[15136403.0022761654],"34":[14836130.4361121505],"35":[14737214.7073677033],"36":[16870903.3098548613],"37":[15841022.8378527034],"38":[15491874.5470851082],"39":[14884702.5469415132],"40":[14900896.5414879043],"41":[14629134.7225070707]},"l2_rqsts.demand_data_rd_miss":{"0":[19684304.6371937804],"1":[17123790.5336693265],"2":[16459442.4134098217],"3":[15282243.7767136395],"4":[15373809.1062919591],"5":[15146410.3174937591],"6":[19557569.6746206619],"7":[17003611.5440522991],"8":[16426631.5661647581],"9":[15687651.1468325425],"10":[15368444.3503610734],"11":[15145773.0935855825],"12":[19026032.7334980816],"13":[16731052.9953065943],"14":[16453800.5103572775],"15":[15365220.6320061069],"16":[15326794.8524198923],"17":[15032932.188405918],"18":[18070754.9732721448],"19":[16695695.1656291801],"20":[16140889.9859884251],"21":[15467229.4707693383],"22":[15255587.4581595343],"23":[14912990.529517876],"24":[17042414.9518425278],"25":[15934556.418083882],"26":[15514609.0396268573],"27":[15052099.3888740689],"28":[14778289.2210123967],"29":[14492212.6932117213],"30":[16914482.9711906388],"31":[15878838.6022344138],"32":[15402491.6418988295],"33":[15059818.4461340886],"34":[14762027.964636866],"35":[14663615.2657273598],"36":[16797345.3894271627],"37":[15766455.4725043122],"38":[15423973.1566427127],"39":[14810833.7774211094],"40":[14823651.3692030702],"41":[14553720.4887376018]},"l2_rqsts.all_demand_data_rd":{"0":[39290662.2553520575],"1":[29495669.8862790614],"2":[25755260.2418117225],"3":[23266036.7141650617],"4":[23188507.260820128],"5":[22266923.8041103333],"6":[39090097.1565626711],"7":[29153081.6919801049],"8":[25939146.621180933],"9":[23796572.732954558],"10":[22918530.1464164853],"11":[22161162.103842672],"12":[37349106.1121293306],"13":[28499451.0204979666],"14":[26868303.5497009307],"15":[23884705.7882032283],"16":[22499555.6855181418],"17":[22109345.4690570161],"18":[36771341.618498683],"19":[28387459.8765992001],"20":[25427168.5127017982],"21":[23766951.1437482126],"22":[22360748.4072798379],"23":[22149100.2862099707],"24":[33720890.3669576794],"25":[26945864.2296648398],"26":[24610649.480706811],"27":[22778222.6606820486],"28":[21890364.8608679511],"29":[21488710.4015307464],"30":[33341310.8666150384],"31":[27036957.8419013135],"32":[24397817.6199133992],"33":[22742090.9723842442],"34":[22388338.1522056013],"35":[21395585.2039677687],"36":[33974887.6449330673],"37":[26901070.4363825992],"38":[24602848.6281596981],"39":[23093306.9848339073],"40":[22473748.8657106496],"41":[21024191.7385648936]},"L1-dcache-load-misses":{"0":[77173076.1779527664],"1":[56220912.5886345729],"2":[49780458.4422376975],"3":[45124822.0715125352],"4":[44841433.0963196382],"5":[43118892.7474162132],"6":[77127283.2812357694],"7":[55561836.3335152715],"8":[50199431.8314561099],"9":[45695065.2119388953],"10":[44069111.3763271421],"11":[43319918.2998154163],"12":[74053812.6150472909],"13":[54844103.2872722298],"14":[51303853.3837464005],"15":[46042655.899318777],"16":[43887711.902278088],"17":[42910691.7183454037],"18":[71517313.3836880326],"19":[54326058.0848703831],"20":[49274650.4343588203],"21":[45878047.4236041233],"22":[43698066.1093641818],"23":[42689796.6726856679],"24":[67651919.2511485666],"25":[51992667.8127781823],"26":[47988762.3778655604],"27":[44303997.3521636054],"28":[42819557.232494697],"29":[42254716.0060661882],"30":[66762174.1994574815],"31":[51974779.5246793702],"32":[47335409.1976142079],"33":[44143572.1419009566],"34":[43322961.8903506771],"35":[41539240.462909773],"36":[67472545.9400373846],"37":[51524523.7105379328],"38":[47646149.8796649501],"39":[44289783.7731137127],"40":[43101826.3894283772],"41":[40965582.415268898]},"L1-dcache-loads":{"0":[1203772335.1813490391],"1":[1098724052.3368253708],"2":[1072850376.1056330204],"3":[1015460257.1610504389],"4":[1035270592.8519158363],"5":[1034980518.1968839169],"6":[1198225109.9359977245],"7":[1089805126.0557243824],"8":[1068783642.56727314],"9":[1043487517.7977811098],"10":[1035228992.5620639324],"11":[1032654520.5478646755],"12":[1169533984.2293848991],"13":[1068329484.7362214327],"14":[1065480285.0726745129],"15":[1021596774.4563279152],"16":[1026791750.4339931011],