{"index":{"0":0,"1":1,"2":2,"3":3,"4":4,"5":5,"6":6,"7":7,"8":8,"9":9,"10":10,"11":11,"12":12,"13":13,"14":14,"15":15,"16":16,"17":17,"18":18,"19":19,"20":20,"21":21,"22":22,"23":23,"24":24,"25":25,"26":26,"27":27},"0_throughput":{"0":[[2031033]],"1":[[1982968]],"2":[[1938682]],"3":[[1876063]],"4":[[1788290]],"5":[[1770210]],"6":[[1707388]],"7":[[1702254]],"8":[[1671081]],"9":[[1631125]],"10":[[1591834]],"11":[[1533418]],"12":[[1492451]],"13":[[1485564]],"14":[[1464200]],"15":[[1439253]],"16":[[1409554]],"17":[[1395181]],"18":[[1335513]],"19":[[1313480]],"20":[[1278967]],"21":[[1285885]],"22":[[1269478]],"23":[[1239218]],"24":[[1212990]],"25":[[1202048]],"26":[[1163122]],"27":[[1139703]]},"1_throughput":{"0":[[22341632]],"1":[[22337536]],"2":[[22374400]],"3":[[21981184]],"4":[[11939840]],"5":[[9523200]],"6":[[8073216]],"7":[[22642688]],"8":[[22640640]],"9":[[22673408]],"10":[[22288384]],"11":[[11929600]],"12":[[9531392]],"13":[[8075264]],"14":[[22792192]],"15":[[22769664]],"16":[[22802432]],"17":[[22394880]],"18":[[11927552]],"19":[[9539584]],"20":[[8073216]],"21":[[22847488]],"22":[[22857728]],"23":[[22839296]],"24":[[22462464]],"25":[[11929600]],"26":[[9527296]],"27":[[8079360]]},"LLC-load-misses":{"0":[6979565.3221240966],"1":[7122960.0548397182],"2":[7455075.6402282417],"3":[7469334.695685179],"4":[7258450.3787123375],"5":[7564704.0055289613],"6":[7878744.2824065946],"7":[7348522.2889193753],"8":[7694060.4404291073],"9":[7861869.4427007921],"10":[7883649.804303186],"11":[8043759.3143497687],"12":[8117521.3816846367],"13":[8072681.7045935728],"14":[7694124.9955993965],"15":[7892674.7431617631],"16":[8072792.2720300574],"17":[8125296.5370552521],"18":[8338678.2396555636],"19":[8512046.0469244085],"20":[8507164.4580764733],"21":[7952217.6646951158],"22":[8236759.8304448072],"23":[8575310.3448685501],"24":[8480068.7890359722],"25":[8454916.50728333],"26":[8441516.4692180008],"27":[8635791.0876802467]},"LLC-loads":{"0":[15955009.3376006857],"1":[15734477.4032506105],"2":[15256806.4537605215],"3":[14951619.8539419044],"4":[14648455.2804649193],"5":[14284212.9433257636],"6":[13834865.966107212],"7":[14834099.9965182804],"8":[14433042.9346633069],"9":[14526662.6067357976],"10":[14152459.8664586246],"11":[13681689.414431937],"12":[13214073.1619370189],"13":[12665272.7275674436],"14":[14321566.4993829224],"15":[13881161.2632428668],"16":[13786722.7946165074],"17":[13561089.8534173183],"18":[13065877.1216619592],"19":[12915303.5748146176],"20":[12599246.2547808606],"21":[13633291.0328576285],"22":[13721818.686476741],"23":[12919836.4006088227],"24":[13212161.6296918374],"25":[12654437.0053955168],"26":[12539589.179547919],"27":[12426096.8424304854]},"l2_rqsts.demand_data_rd_miss":{"0":[15881593.6442780551],"1":[15657082.3998754863],"2":[15173314.9425721541],"3":[14871113.7558687646],"4":[14572351.4397979658],"5":[14207755.9351241849],"6":[13753927.1229882911],"7":[14759436.2406077925],"8":[14361671.4946186692],"9":[14445330.0573510882],"10":[14071837.4927472621],"11":[13604106.2837576903],"12":[13134315.9723666497],"13":[12596564.3499014806],"14":[14248177.5872225109],"15":[13806227.5422098264],"16":[13709681.2994540855],"17":[13483633.1508805528],"18":[12986673.2693218961],"19":[12838309.7274814397],"20":[12517793.8411454093],"21":[13561143.7720439751],"22":[13646082.7487807199],"23":[12849244.3611933161],"24":[13133954.9570186026],"25":[12578732.4143688846],"26":[12464293.4019349776],"27":[12352858.0185928736]},"l2_rqsts.all_demand_data_rd":{"0":[26301010.7023407258],"1":[25902744.7537091412],"2":[25330789.658562962],"3":[25634244.296661403],"4":[24872066.4172013029],"5":[24003153.9202631973],"6":[23620243.566222176],"7":[24622327.2732123882],"8":[24063249.2701317519],"9":[24494123.2497160807],"10":[22941388.6725886799],"11":[22613430.7377957925],"12":[21725160.32029102],"13":[21605581.2793377452],"14":[23501515.3825046979],"15":[22298631.579914134],"16":[22214894.6668730825],"17":[21941605.4068032466],"18":[21649862.509848617],"19":[20743932.2539364211],"20":[20493879.1498315483],"21":[21819186.4462317079],"22":[21826485.7909316644],"23":[21876760.4734353684],"24":[21341708.4980811737],"25":[20258755.4422277994],"26":[20741713.9649114795],"27":[19888508.2424169779]},"L1-dcache-load-misses":{"0":[51655618.0563167334],"1":[50893913.8081609383],"2":[50175575.811451301],"3":[50167490.7342778295],"4":[48828926.9758602008],"5":[47469235.164675571],"6":[47039016.7032774985],"7":[48503977.1766268089],"8":[48068329.2270016223],"9":[47821108.4447160661],"10":[45700429.4306470379],"11":[45132647.8981007338],"12":[43473564.1501421854],"13":[43826483.9193111956],"14":[46141883.927591309],"15":[44558973.5511009172],"16":[43994531.8376251161],"17":[43717939.0369387567],"18":[42891956.4928203076],"19":[41718600.252693519],"20":[41305821.5968985632],"21":[43278577.1493296027],"22":[43505985.2925964594],"23":[43488487.6389018744],"24":[42319140.897981368],"25":[40480828.7332002744],"26":[41089106.2701292112],"27":[39798369.2678387836]},"L1-dcache-loads":{"0":[944349572.2637625933],"1":[930951817.4207036495],"2":[910358328.1765768528],"3":[898055555.4008463621],"4":[884770750.761929512],"5":[873669114.4570256472],"6":[862945804.4884585142],"7":[897559023.7039958239],"8":[872533748.1888688803],"9":[881733939.7896536589],"10":[863674496.9359662533],"11":[850893132.4090473652],"12":[826377022.3492288589],"13":[822381725.013204217],"14":[875178983.2866293192],"15":[848511321.088848114],"16":[844465404.0691701174],"17":[837670483.1555075645],"18":[814378781.6361653805],"19":[812040271.3862878084],"20":[799663372.542196393],"21":[839917590.8142940998],"22":[847091246.6724026203],"23":[796237136.4590505362],"24":[816055948.9454072714],"25":[792251940.2585470676],"26":[793527535.073575139],"27":[781072709.3050701618]},"instructions":{"0":[3090887281.4958853722],"1":[3047401705.0973615646],"2":[2982025665.8649249077],"3":[2941557751.7346439362],"4":[2896899154.399292469],"5":[2861419879.9387512207],"6":[2829173329.4935326576],"7":[2941953547.7251572609],"8":[2859760269.8608455658],"9":[2891183431.2260961533],"10":[2832134280.9413356781],"11":[2790914266.7662701607],"12":[2711269240.1506323814],"13":[2697608782.5667872429],"14":[2871153439.5063619614],"15":[2784888312.4600520134],"16":[2771701389.7803254128],"17":[2749244644.733423233],"18":[2673841150.2223291397],"19":[2666686886.1342773438],"20":[2627194003.9785895348],"21":[2758070568.1755356789],"22":[2781923894.5235204697],"23":[2614497366.9962983131],"24":[2680520771.159070015],"25":[2602649768.6156201363],"26":[2607211200.6155376434],"27":[2565992085.5498805046]},"cycles":{"0":[5507781616.787068367],"1":[5495796583.2055931091],"2":[5479221441.179148674],"3":[5480058988.2434101105],"4":[5460201467.5010910034],"5":[5492885594.242401123],"6":[5497804356.383562088],"7":[5494538226.0311956406],"8":[5478401745.8917570114],"9":[5536001560.2007541656],"10":[5495034812.5304908752],"11":[5533070332.4341926575],"12":[5449357777.6796636581],"13":[5486060180.1147422791],"14":[5529175934.0788240433],"15":[5454657425.7520208359],"16":[5474587528.7947511673],"17":[5493007710.9901199341],"18":[5484503804.0575704575],"19":[5522694953.4881210327],"20":[5483895892.2079610825],"21":[5488966313.6138238907],"22":[5572336155.9235134125],"23":[5464189963.684047699],"24":[5531690635.5856552124],"25":[5466841118.0254898071],"26":[5508387554.5942516327],"27":[5504814171.6898469925]},"llc_miss_rate":{"0":[0.4374529137],"1":[0.4526975935],"2":[0.4886393272],"3":[0.4995669211],"4":[0.4955096111],"5":[0.5295849366],"6":[0.5694846847],"7":[0.4953803932],"8":[0.5330865068],"9":[0.5412027288],"10":[0.557051557],"11":[0.5879214964],"12":[0.6143087966],"13":[0.6373871197],"14":[0.5372404615],"15":[0.5685889382],"16":[0.5855483128],"17":[0.5991625028],"18":[0.638202714],"19":[0.6590666644],"20":[0.6752121743],"21":[0.583294059],"22":[0.6002673566],"23":[0.6637321154],"24":[0.6418381054],"25":[0.6681384959],"26":[0.6731892368],"27":[0.6949721378]},