{"index":{"0":0,"1":1,"2":2,"3":3,"4":4,"5":5,"6":6,"7":7,"8":8,"9":9,"10":10,"11":11,"12":12,"13":13,"14":14,"15":15,"16":16,"17":17,"18":18,"19":19,"20":20,"21":21,"22":22,"23":23,"24":24,"25":25,"26":26,"27":27},"0_throughput":{"0":[[2881192]],"1":[[2876913]],"2":[[2839161]],"3":[[2844786]],"4":[[2822631]],"5":[[2780101]],"6":[[2737947]],"7":[[2676506]],"8":[[2643630]],"9":[[2629213]],"10":[[2617401]],"11":[[2584654]],"12":[[2561902]],"13":[[2528840]],"14":[[2490279]],"15":[[2467283]],"16":[[2447605]],"17":[[2442990]],"18":[[2419050]],"19":[[2408094]],"20":[[2372170]],"21":[[2329405]],"22":[[2312402]],"23":[[2291397]],"24":[[2281941]],"25":[[2263250]],"26":[[2227225]],"27":[[2204535]]},"1_throughput":{"0":[[22339584]],"1":[[22358016]],"2":[[22355968]],"3":[[21991424]],"4":[[11927552]],"5":[[9523200]],"6":[[8075264]],"7":[[22638592]],"8":[[22622208]],"9":[[22638592]],"10":[[22247424]],"11":[[11929600]],"12":[[9531392]],"13":[[8075264]],"14":[[22784000]],"15":[[22804480]],"16":[[22779904]],"17":[[22407168]],"18":[[11925504]],"19":[[9525248]],"20":[[8073216]],"21":[[22833152]],"22":[[22867968]],"23":[[22876160]],"24":[[22472704]],"25":[[11927552]],"26":[[9525248]],"27":[[8073216]]},"LLC-load-misses":{"0":[5875828.4254599828],"1":[6144841.1632701522],"2":[6220902.8120436026],"3":[6400401.9977208124],"4":[6376176.8681394793],"5":[6514999.3624033444],"6":[6524466.6244426314],"7":[5833175.2304477114],"8":[6151495.0025418941],"9":[6370847.3856665213],"10":[6213499.1336696446],"11":[6199797.0781303653],"12":[6289739.087298709],"13":[6705959.0796705326],"14":[5556675.3541214308],"15":[5851172.7417055937],"16":[6154238.9083822966],"17":[6077334.3993698433],"18":[6205289.7349993326],"19":[6356975.311608417],"20":[6373452.1541268406],"21":[5327386.2495174035],"22":[5486927.5753821731],"23":[5879846.0027891668],"24":[5859836.4184656879],"25":[5780977.7804626934],"26":[6190697.0505219735],"27":[6459791.5467891367]},"LLC-loads":{"0":[12502494.063285416],"1":[12553197.3479043953],"2":[11732212.1312044077],"3":[12244511.297843745],"4":[11942263.9903307017],"5":[11950936.1595678572],"6":[11751277.3219148125],"7":[11512494.2772992868],"8":[11704787.9630419277],"9":[11782207.4687530585],"10":[11375329.8334185351],"11":[11158668.7225945685],"12":[11039095.2249000967],"13":[11045579.9775059316],"14":[10982897.8449516483],"15":[11049959.9751533475],"16":[11085597.0092777219],"17":[10742473.6043654028],"18":[10546138.6248162966],"19":[10509962.9715573825],"20":[10229751.0636408329],"21":[10400183.972162446],"22":[10235806.8000917658],"23":[10348079.2071532123],"24":[10178544.6906320006],"25":[9852068.6548712291],"26":[9918031.5746311639],"27":[9801939.4653678462]},"l2_rqsts.demand_data_rd_miss":{"0":[12412174.5882697832],"1":[12466285.2462483048],"2":[11654423.6018517204],"3":[12157991.7400617544],"4":[11860413.1429731715],"5":[11868896.8350890167],"6":[11672094.3331523612],"7":[11432769.5126880724],"8":[11618616.7307678629],"9":[11694839.010716306],"10":[11293769.179935338],"11":[11082424.3663305528],"12":[10963358.0255971942],"13":[10972537.4934592079],"14":[10901240.7879759334],"15":[10967418.9905008022],"16":[11000803.0687210672],"17":[10661047.0836966708],"18":[10468740.7663954385],"19":[10431809.1438237727],"20":[10148844.6447930224],"21":[10317576.8754575979],"22":[10150552.7991798241],"23":[10262289.5472659022],"24":[10096046.1232675109],"25":[9780850.3097463846],"26":[9840417.4290650561],"27":[9726220.1731075197]},"l2_rqsts.all_demand_data_rd":{"0":[26314397.4527301043],"1":[27553152.5282583944],"2":[25278752.6215807386],"3":[25960551.8101170734],"4":[25184080.8744848073],"5":[25229388.0849727578],"6":[25024865.4772486873],"7":[24718785.570673015],"8":[25141567.284746483],"9":[24735459.6362737752],"10":[24254421.2165126689],"11":[24041318.812361896],"12":[24026515.7480620369],"13":[24037017.0765836164],"14":[23618713.3075996749],"15":[23491445.536817506],"16":[24778160.638881471],"17":[23218509.5841656588],"18":[23482416.2121128663],"19":[22632310.3002988622],"20":[22842292.2846371606],"21":[22475797.7360855378],"22":[22284981.2019529603],"23":[22198380.5612945557],"24":[21984212.6846301816],"25":[22087496.100829944],"26":[21651400.6111868918],"27":[22057657.8226034045]},"L1-dcache-load-misses":{"0":[66648441.9699820206],"1":[67590621.2732078731],"2":[63685968.0733681545],"3":[65745879.7630397305],"4":[64051249.8788014278],"5":[64087327.5469426736],"6":[63645542.3786830604],"7":[65305542.3191934824],"8":[64794021.2069979236],"9":[64717724.5234526992],"10":[63884041.3384385332],"11":[63360193.464659676],"12":[63057107.6497091427],"13":[62360301.5494080409],"14":[64405061.414784506],"15":[64115244.7849356085],"16":[65714001.5579321831],"17":[63304617.9724566042],"18":[63558957.5265201777],"19":[62021938.2982712239],"20":[62084027.0034165382],"21":[64233579.3277321756],"22":[63288311.220269829],"23":[62967917.4522438496],"24":[62437862.5935195163],"25":[62517469.0795183852],"26":[61697950.607548736],"27":[61082169.9960645586]},"L1-dcache-loads":{"0":[1243152282.886241436],"1":[1234093263.943652153],"2":[1149363135.2788383961],"3":[1218958655.1042530537],"4":[1186533926.1111905575],"5":[1188140305.4336981773],"6":[1177165450.6733915806],"7":[1213943926.2379829884],"8":[1204080816.8850421906],"9":[1211697349.9832582474],"10":[1192375332.9409623146],"11":[1180569998.4905126095],"12":[1171445177.4673492908],"13":[1153225765.6743876934],"14":[1218413078.6887924671],"15":[1208442049.9169385433],"16":[1207933204.7501740456],"17":[1182354869.6115603447],"18":[1165652119.0234174728],"19":[1158224257.153845787],"20":[1145357456.8097877502],"21":[1224273366.7293856144],"22":[1199589555.2265868187],"23":[1192637048.0047292709],"24":[1179658290.6231100559],"25":[1168583889.9341843128],"26":[1160400787.8541805744],"27":[1132885570.8313889503]},"instructions":{"0":[3876920695.6103620529],"1":[3847766691.2429904938],"2":[3579192830.6854963303],"3":[3798059111.6334366798],"4":[3696732902.9706759453],"5":[3701057600.3340873718],"6":[3667033698.7076625824],"7":[3778258404.0971035957],"8":[3749189138.4795365334],"9":[3772581821.1511893272],"10":[3710164670.7102007866],"11":[3671058105.1863512993],"12":[3642464118.7705373764],"13":[3587618402.7540822029],"14":[3788305561.4229898453],"15":[3756709270.0094118118],"16":[3755962916.1810865402],"17":[3673600878.9673528671],"18":[3618905536.5175580978],"19":[3598183229.9170279503],"20":[3558018843.7320842743],"21":[3801120869.9525251389],"22":[3724756766.4095754623],"23":[3703582045.2686958313],"24":[3660017225.4108891487],"25":[3623553635.6099696159],"26":[3598376211.248986721],"27":[3514256533.3612484932]},"cycles":{"0":[5519776082.4461050034],"1":[5518968968.0244970322],"2":[5249508348.3084716797],"3":[5542274897.6812267303],"4":[5462281657.0918292999],"5":[5515714612.3139772415],"6":[5496173343.2970438004],"7":[5466359369.0008335114],"8":[5464956444.0540037155],"9":[5536455270.5292062759],"10":[5480040234.9578275681],"11":[5490540011.8098268509],"12":[5487347239.4642782211],"13":[5472426388.5314846039],"14":[5494181695.530049324],"15":[5514800694.5866365433],"16":[5549975070.3121194839],"17":[5486813060.2378330231],"18":[5502102043.3031291962],"19":[5479128810.8128347397],"20":[5456770284.0341968536],"21":[5546379903.9895677567],"22":[5465679893.4468326569],"23":[5492256479.9991779327],"24":[5492902683.480928421],"25":[5496062268.1802301407],"26":[5527563443.2211761475],"27":[5459224354.9403371811]},"llc_miss_rate":{"0":[0.4699725027],"1":[0.4895040676],"2":[0.5302412488],"3":[0.5227160025],"4":[0.5339169251],"5":[0.5451455246],"6":[0.555213399],"7":[0.5066821394],"8":[0.5255537325],"9":[0.5407176374],"10":[0.5462258435],"11":[0.5556036506],"12":[0.5697694385],"13":[0.6071169729],"14":[0.5059389091],"15":[0.5295198132],"16":[0.55515629],"17":[0.5657295166],"18":[0.5883944784],"19":[0.6048523034],"20":[0.6230310117],"21":[0.5122396165],"22":[0.5360522802],"23":[0.568206513],"24":[0.5757047394],"25":[0.5867780649],"26":[0.6241860599],