{"index":{"0":0,"1":1,"2":2,"3":3,"4":4,"5":5,"6":6},"0_throughput":{"0":[[7889618],[7857458],[7856718],[7848497],[7880702]],"1":[[7263822],[7269149],[7254618],[7247609],[7243689]],"2":[[6462756],[6475494],[6503978],[6475642],[6462693]],"3":[[5767214],[5831038],[5784086],[5817814],[5813666]],"4":[[5404366],[5444594],[5362478],[5379174],[5384082]],"5":[[4804565],[4981878],[4897778],[4989678],[4920058]],"6":[[4286422],[4297194],[4303982],[4322542],[4356070]]},"1_throughput":{"0":[[32999424],[33005568],[32985088],[33050624],[33015808]],"1":[[33005568],[32950272],[32987136],[33087488],[32985088]],"2":[[33009664],[32940032],[32997376],[32968704],[32960512]],"3":[[32940032],[32993280],[32993280],[32903168],[32935936]],"4":[[32968704],[32940032],[32972800],[32964608],[32954368]],"5":[[32948224],[33013760],[32950272],[33144832],[32944128]],"6":[[32968704],[32958464],[32968704],[32946176],[32970752]]},"LLC-load-misses":{"0":[1549602.4902079499,1638640.9535127345,1593559.6019368621,1565851.1655999732,1454938.7065565602],"1":[2396086.7903284323,2355007.0866275742,2342634.706111535,2305967.0630140733,2297561.5910479613],"2":[3960678.3132873466,4092646.6630139803,3901900.352838268,3846802.6779122083,3894746.3325389619],"3":[5571955.1800343664,5401737.4368993128,5405931.501264995,5603207.9539740616,5568498.1960640876],"4":[6526212.2041915059,6538445.6796047958,6138415.9556179801,6605826.3258043239,6770490.0556055065],"5":[7923673.566829565,6924678.2801566105,7472105.8208852876,7100699.9994992502,7311431.7127784705],"6":[8240763.1895326078,8151439.20977691,8390023.8560516909,8339075.2906346237,8108211.5886648837]},"LLC-loads":{"0":[25409175.1793629862,25436246.2880920209,25438161.7976349555,25346308.0651023202,25589095.737339709],"1":[26368478.8573211357,26195229.6020993628,26209328.7697083838,26066499.9452860579,25992752.4293555021],"2":[24940517.7463539653,24737267.8647233248,24847220.5425551496,24970922.6045634374,24868883.8819665313],"3":[23016040.5828808695,22911613.1338735037,23167494.958533138,23155532.7111949064,23129993.7496637516],"4":[21702382.9829068407,21959523.1575026363,21575150.5219248571,21940723.7693596035,21712033.1650972366],"5":[19739431.6246498935,20226049.5126466863,20060050.4643509462,20436000.9574556425,20170808.3290357776],"6":[18131900.6276063062,18097269.412603315,17762140.4057693258,18051401.5074392818,17936603.2400485165]},"l2_rqsts.demand_data_rd_miss":{"0":[25330895.7587600686,25353855.8247587085,25357509.4781336524,25262929.6630216911,25509852.0601375364],"1":[26288365.1829404533,26115389.1148991026,26127266.6345453151,25986729.4687436521,25912665.5592276305],"2":[24862257.9960541613,24654595.2044173144,24773173.9524107426,24897194.1909754351,24796829.3949208558],"3":[22939423.0019734167,22837382.4160575569,23093813.9359020628,23080523.1690473482,23053943.4734945036],"4":[21630844.6652623489,21888189.940193858,21506379.0815184414,21867077.368216794,21635801.9591246732],"5":[19663074.6140012965,20158538.852360718,19986872.473930195,20365920.2772414498,20099842.6461227238],"6":[18061178.6407105289,18029434.270187214,17690917.1030378826,17979525.1521194503,17869140.3805670328]},"l2_rqsts.all_demand_data_rd":{"0":[59944856.6551308855,60683104.547922425,59653121.3333136588,59850796.7728841752,60682667.248858586],"1":[56357742.5506627187,56188849.4540693834,56306078.6903023422,55582877.7530224696,58255679.5793364421],"2":[50923588.5854028165,50287748.4938601628,50138263.643830508,50655575.8672101498,50496069.936325334],"3":[45547723.0054597706,45477448.6955966353,46266143.4499031007,46108855.1470545977,46136670.2992589176],"4":[43788189.2479139119,43703196.1996712685,43335995.9149039909,44181777.1912229955,42822075.1319873184],"5":[39768211.1935719848,41784545.2428201959,40567808.5253727511,41561719.9545794204,41297578.8991035074],"6":[36717070.8847855404,37254544.7065941021,35802820.3996462151,36572258.7550005913,36966683.5162325799]},"L1-dcache-load-misses":{"0":[113419709.8425327092,114073016.2487963736,112490575.7930941582,112761852.340377599,113907747.7536910176],"1":[106896313.4454468191,106139333.8694143444,106690085.1203645766,105302833.3288570046,108472857.4410933256],"2":[97254492.3734299392,96203420.2076879442,96037041.4878350049,96889931.5685758591,96393466.9139516652],"3":[88112467.3624688387,87892257.8671720773,89079824.9594164342,88841777.4743712991,88907949.7001771778],"4":[85150825.5158508867,85003185.1860401332,84122884.4076693505,85796997.667335391,83371420.2238580287],"5":[78010247.8784009069,80993514.3545415699,79293578.6931665987,81498775.9472547174,81105617.9689726532],"6":[72754404.9412293881,73431731.9470307827,71597655.5709289461,73133140.4658188224,73525436.6213917583]},"L1-dcache-loads":{"0":[1575723162.1623299122,1571751500.2613272667,1573363854.3852233887,1573530766.016125679,1588281159.4036962986],"1":[1515435805.8257303238,1501569740.6047465801,1503912758.6343739033,1497524664.1654949188,1493067197.9551286697],"2":[1408123588.7982559204,1393452670.5265054703,1403298476.7455284595,1415852559.0476777554,1407449664.0340073109],"3":[1314401475.5112116337,1315139473.5738763809,1327162074.6761577129,1322438660.1471030712,1321910730.643378973],"4":[1273002220.6209824085,1287150511.0137250423,1272320306.745118618,1284056110.5299785137,1269647120.1031889915],"5":[1200074532.0549938679,1242440880.8981053829,1223097684.6425044537,1244884331.7310614586,1231426349.5653409958],"6":[1174034805.8323287964,1173969041.00837183,1148891795.9817430973,1167447074.0684638023,1162589880.0665607452]},"instructions":{"0":[5267766662.6790561676,5255194249.6604623795,5260240895.622674942,5260811001.6213884354,5309188471.2699842453],"1":[5066487210.074552536,5019780368.6606092453,5028138847.6941041946,5006009145.5300626755,4991162231.4152584076],"2":[4707329443.4978742599,4658681269.5738658905,4691558494.9627008438,4732240437.5542812347,4704238250.9225788116],"3":[4393798617.3303031921,4395265033.5204982758,4435559287.4946708679,4420167675.5107593536,4418515876.0660991669],"4":[4254311498.9210095406,4301306358.491610527,4251856958.7765617371,4292066976.5581226349,4243338080.3839001656],"5":[4010693674.7921299934,4151523933.6723651886,4087583811.7647981644,4159073313.9190769196,4114840396.6390576363],"6":[3923392139.0596709251,3921362301.0270328522,3838679931.0659704208,3900570681.8749895096,3884347182.079934597]},"cycles":{"0":[5505751907.0952482224,5502431967.3469600677,5499111956.2968358994,5479609621.980840683,5522144865.2762889862],"1":[5556813698.2581939697,5505700744.7104578018,5516007779.8861122131,5484607531.5382490158,5473357666.17603302],"2":[5518124777.2494850159,5490243738.4850988388,5484917054.2614154816,5518747608.3131093979,5496577597.5169248581],"3":[5477402487.4586410522,5453127549.4801273346,5492369727.1145000458,5506836606.5773591995,5498518470.4705953598],"4":[5480987883.2299537659,5532674292.0719232559,5444617604.0767469406,5537288975.0973167419,5489307688.9260110855],"5":[5510253660.4573440552,5519147883.017832756,5523129194.6862850189,5536352498.059015274,5525527690.5658388138],"6":[5553393204.902794838,5537685926.3706941605,5488363032.0245952606,5543483162.8786458969,5499142749.2087945938]},"llc_miss_rate":{"0":[0.0609859423,0.0644214927,0.0626444479,0.061778274,0.0568577617],"1":[0.0908693597,0.0899021357,0.0893817132,0.0884647754,0.0883923931],"2":[0.1588049756,0.1654445707,0.1570356872,0.1540512835,0.1566112235],"3":[0.2420900832,0.2357641693,0.2333412184,0.2419813884,0.2407479335],"4":[0.3007140833,0.2977498934,0.2845132389,0.3010760445,0.3118312322],"5":[0.401413461,0.3423643493,0.3724868905,0.3474603478,0.3624758906],"6":[0.4544897614,0.4504237089,0.4723543258,0.4619627616,0.4520483327]},"l1_miss_rate":{"0":[0.0719794648,0.0725770048,0.0714968604,0.0716616763,0.071717622],"1":[0.0705383316,0.0706855839,0.0709416717,0.0703179292,0.0726510217],"2":[0.0690667305,0.0690396037,0.0684366463,0.0684322184,0.0684880386],"3":[0.0670361902,0.0668311306,0.0671205323,0.0671802634,0.0672571511],