{"index":{"0":0,"1":1,"2":2,"3":3,"4":4,"5":5,"6":6,"7":7},"0_throughput":{"0":[[5385418],[5273534],[5233102],[5325534],[5146255]],"1":[[5020910],[4927334],[4800962],[4947646],[5021030]],"2":[[4693102],[4706158],[4713710],[4720358],[4712302]],"3":[[4610006],[4614254],[4616854],[4633190],[4670830]],"4":[[4387761],[4359400],[4446062],[4416750],[4481006]],"5":[[4153830],[4183410],[4249446],[4294726],[4286414]],"6":[[4072926],[4166742],[4151142],[4101222],[4160619]],"7":[[4044138],[4061413],[4018654],[4095090],[4084722]]},"1_throughput":{"0":[[32933888],[32929792],[32925696],[32960512],[32983040]],"1":[[32948224],[33017856],[32954368],[32972800],[32958464]],"2":[[32911360],[32962560],[32964608],[32944128],[32929792]],"3":[[32968704],[32970752],[32958464],[32143360],[32999424]],"4":[[32989184],[32970752],[32987136],[32966656],[32952320]],"5":[[32935936],[32940032],[32952320],[32970752],[32929792]],"6":[[32985088],[32937984],[32968704],[33036288],[32978944]],"7":[[32985088],[32970752],[32958464],[32974848],[32964608]]},"LLC-load-misses":{"0":[5678120.2524320083,6042828.5058059897,6262152.6937864888,6056929.9877417702,6032604.4456000039],"1":[9465289.112745706,9793968.9160775319,9534061.6947591584,9428620.3793472461,9456764.2645864878],"2":[13161695.55078201,12697538.4514941536,12981603.5474573635,12890579.7461933531,12992856.5120019577],"3":[16445116.4793575834,16239836.8198242877,16142951.2414265368,16287934.7713921145,16106593.0050022341],"4":[19139618.1011037529,18758983.097739432,18976163.6060884148,18957560.1244420856,18891162.863891948],"5":[21364716.2867352664,21292162.6620780528,21349583.0580188744,21132907.3657979369,21366093.7002687566],"6":[24051769.3347587474,23991862.0490148365,23872827.7617760412,24092748.7538749278,23915291.8723487966],"7":[26516326.755415719,26100223.4044388495,26619862.2655560561,26287299.418212872,26777822.117968414]},"LLC-loads":{"0":[21201817.9981288202,21473082.0511308089,20418276.3952580988,21018871.3469323404,20443374.0393175073],"1":[24192884.7447349653,23734063.3458166681,23759569.9073458873,24033631.6178021319,23830501.0698713325],"2":[26791288.9647646695,26975769.3563373722,26879200.300915882,26263194.015828032,26695861.963061206],"3":[30042348.7539778054,30275195.5860850438,29868286.7363056093,29565481.9806215353,29794431.0122737549],"4":[32356205.8926226497,32285929.2349013761,32427324.4757083654,32667456.1499906965,32616266.44807164],"5":[34152849.8605161235,34727620.4481642991,34312189.7540279254,34726692.6734778509,33974955.1778137386],"6":[37230100.8703162,37096055.9221507758,36965154.0259562433,37220380.5665118322,36853776.7473319471],"7":[39618247.0940347165,39172400.4944612309,39279283.9583292082,39210926.1188428476,40085267.5396491438]},"l2_rqsts.demand_data_rd_miss":{"0":[21132439.8766431101,21402286.7050062008,20342045.2509300709,20949904.9916265719,20373639.0172720775],"1":[24126032.2748049349,23663116.8260945976,23691315.7694473378,23967383.0778545253,23763170.5395021886],"2":[26714625.1105476581,26905334.1896948591,26806184.760960076,26186357.3473781459,26620008.2180651538],"3":[29967959.4753403403,30204992.9758647233,29798209.4120733924,29491868.5490003303,29720297.6869522519],"4":[32283571.8335717879,32216237.3232817128,32358670.8062574044,32595498.5346184373,32546654.2643601],"5":[34071022.8434942365,34647285.1069413945,34228693.0396875218,34650109.8639762625,33894328.3525929451],"6":[37153427.7649970725,37015611.0684266612,36889090.7536977902,37141047.9143414125,36777800.6660236791],"7":[39543561.5812364891,39101592.6839795187,39200852.4209451377,39137736.7780652791,40009566.0381635576]},"l2_rqsts.all_demand_data_rd":{"0":[44155694.2918561846,43530287.0125150234,41244499.3787236437,42239792.2546800673,41892522.4418735653],"1":[45074746.0749846846,44427403.5488743559,44339964.2255915478,45225701.9011571929,45365155.9067925066],"2":[46862301.1506879553,47361443.1897026002,47335530.2142907307,46444487.4444616437,47521167.2202560306],"3":[50080612.0043544099,50092579.5032985285,49896210.0069972947,49455402.6940401942,49501366.4429720193],"4":[51399984.7146537676,52574243.3597559854,51540771.9474805221,52325104.4164621904,52973135.7825087085],"5":[52893768.0415333211,53380662.2207904831,53276963.3340362608,53408310.3552684709,51961774.8310155198],"6":[55680803.5590824932,56628179.9600619823,55882703.5376250595,55976413.3532459363,55128952.6825528145],"7":[57714301.2323908508,57843783.8570223078,57878470.0805828422,57063404.2298477218,58713449.4911133051]},"L1-dcache-load-misses":{"0":[85250800.6535227299,85400217.8187921643,80888091.291646719,83021480.1644969583,81270746.2896159291],"1":[86110455.0701085478,84503622.5380061716,84010454.5286947638,85801098.2085410804,85711361.1367808282],"2":[89212371.1957260817,89605689.0175118893,89607385.6118302643,88536651.3403351009,90264544.780934602],"3":[91505009.4187562913,91044650.4857306778,90682543.6589153707,90248624.814796716,90523126.9370485246],"4":[91083151.9373591244,92583109.568856746,92475347.0576247573,93026635.280275926,93401139.5184481889],"5":[91403444.5444185287,92162400.1150992364,92737951.3282773942,92181652.2075886875,90484768.8841201216],"6":[93902355.2950140685,94552814.3301391453,94276491.1578580141,94789169.1268135309,93602877.2747116685],"7":[95148713.4265246391,94872600.4968340844,95454279.5213498026,94403743.9680155516,97060522.6128233969]},"L1-dcache-loads":{"0":[1288401415.5030469894,1293621200.6363251209,1222613790.9569818974,1260956778.6746609211,1224337899.392604351],"1":[1248810888.9201588631,1220279476.368619442,1224288038.6087050438,1238424791.228843689,1231044473.570775032],"2":[1202449517.9030325413,1214118447.3802564144,1208046733.2509067059,1181511728.8743619919,1198397358.8119711876],"3":[1191099220.5496926308,1204262227.8379573822,1187044801.3348166943,1172679244.9923949242,1180831171.8575520515],"4":[1167712397.4504423141,1170213659.2326209545,1172274588.3345997334,1184292240.5895690918,1181093566.168453455],"5":[1142490373.4795351028,1157960500.0238647461,1145004176.5781729221,1158529869.8780806065,1132137169.3870327473],"6":[1143346712.7383847237,1141821024.3051183224,1133699980.4590363503,1136636573.936378479,1132393779.0875804424],"7":[1120873490.9795103073,1117710407.8684835434,1112311260.0676426888,1117109278.2824497223,1137700827.3340787888]},"instructions":{"0":[4332529821.2496767044,4350279420.297700882,4111566791.0825138092,4239812215.8552217484,4117454416.8585305214],"1":[4200546817.8959999084,4105371349.8371543884,4118870576.9042868614,4165990469.8781695366,4141777413.1669363976],"2":[4047542566.8505249023,4086176322.332139492,4065803249.5885930061,3977660662.9357776642,4034057425.005133152],"3":[4011460728.0384845734,4054227617.7173190117,3997404166.0726342201,3949541793.5573186874,3976870551.7973957062],"4":[3934710698.7359185219,3942163191.5568218231,3949110522.5155653954,3989158682.3837203979,3979023559.548268795],"5":[3849993499.5984730721,3901802219.5236983299,3858514397.9135937691,3903561608.9494156837,3816202628.2240052223],"6":[3854480477.6339702606,3849984603.9308714867,3821934073.9200930595,3832237585.8455343246,3817473028.2543821335],"7":[3781412577.0068778992,3770079783.8782110214,3752742194.336124897,3767835015.2987942696,3837796876.9852275848]},"cycles":{"0":[5449290579.0658998489,5507466923.6362581253,5301399808.6609992981,5395414724.2991218567,5266684901.2965545654],"1":[5510698491.7984113693,5467179969.9348554611,5448002965.5310764313,5478664021.4454898834,5470304209.2126932144],"2":[5489708934.7516889572,5462678480.6465072632,5481339654.4585771561,5406204109.9405708313,5462282861.4366855621],"3":[5509753876.9654474258,5505524998.9094419479,5463887099.6867589951,5442341886.0408115387,5436314839.6431083679],"4":[5522087279.7398376465,5484389524.1763982773,5523024350.212439537,5546273742.0390424728,5525561284.7686605453],"5":[5493368133.9687356949,5514471834.2236051559,5505678717.0930547714,5496297250.8126573563,5463906081.6661434174],